{
    "news_template":"今日のニュースは、新元号「令和」、新元号は令和に決定。菅官房長官が発表した。です。",
    "route_template":"京橋へ向かう場合、大阪発11時39分の電車で、11時45分に京橋駅に到着できます。",
    "weather_template":"今日の大阪の天気は小雨、気温は14度で、雨のち晴れの予報です。",
    "plan_template":"今日の最初の予定は10時からのインターンで、その後18時から担任の先生を訪問する予定があります。",
    "unknown_error_template":"予期せぬエラーが発生したので、プログラムを終了します。"
}
